"sample","brs_score","brs_scaled","brs_class"
"TCGA-4C-A93U",-1.50386456,-0.80517599,"Braf-like"
"TCGA-BJ-A0YZ",0.99516651,0.55808606,"Ras-like"
"TCGA-BJ-A0Z0",1.34975493,0.75693806,"Ras-like"
"TCGA-BJ-A0Z2",1.51810258,0.85134686,"Ras-like"
"TCGA-BJ-A0Z3",-1.55442728,-0.83224751,"Braf-like"
"TCGA-BJ-A0Z5",-1.00688598,-0.53909138,"Braf-like"
"TCGA-BJ-A0Z9",-1.57219677,-0.84176137,"Braf-like"
"TCGA-BJ-A0ZA",1.57184476,0.8814853,"Ras-like"
"TCGA-BJ-A0ZB",-1.32740911,-0.71070093,"Braf-like"
"TCGA-BJ-A0ZC",1.6146404,0.90548495,"Ras-like"
"TCGA-BJ-A0ZE",1.67867327,0.94139437,"Ras-like"
"TCGA-BJ-A0ZF",1.05889234,0.59382329,"Ras-like"
"TCGA-BJ-A0ZG",1.4676027,0.8230267,"Ras-like"
"TCGA-BJ-A0ZH",-0.96880525,-0.51870278,"Braf-like"
"TCGA-BJ-A0ZJ",-0.43078409,-0.23064378,"Braf-like"
"TCGA-BJ-A18Y",1.35215773,0.75828554,"Ras-like"
"TCGA-BJ-A18Z",-1.75161486,-0.93782264,"Braf-like"
"TCGA-BJ-A190",1.62607393,0.91189683,"Ras-like"
"TCGA-BJ-A191",0.42930299,0.24075168,"Ras-like"
"TCGA-BJ-A192",1.30602221,0.73241289,"Ras-like"
"TCGA-BJ-A28R",-1.61753625,-0.86603634,"Braf-like"
"TCGA-BJ-A28S",1.45770412,0.8174756,"Ras-like"
"TCGA-BJ-A28T",0.47042512,0.26381284,"Ras-like"
"TCGA-BJ-A28V",1.44611991,0.81097922,"Ras-like"
"TCGA-BJ-A28W",0.94635506,0.53071276,"Ras-like"
"TCGA-BJ-A28X",-1.41305895,-0.75655825,"Braf-like"
"TCGA-BJ-A28Z",-0.89991786,-0.48182016,"Braf-like"
"TCGA-BJ-A290",-1.38940458,-0.74389359,"Braf-like"
"TCGA-BJ-A291",1.24344496,0.69731978,"Ras-like"
"TCGA-BJ-A2N7",1.04153247,0.58408793,"Ras-like"
"TCGA-BJ-A2N8",0.67477579,0.37841201,"Ras-like"
"TCGA-BJ-A2N9",1.5249135,0.8551664,"Ras-like"
"TCGA-BJ-A2NA",-1.76973369,-0.94752355,"Braf-like"
"TCGA-BJ-A2P4",1.51300693,0.84848924,"Ras-like"
"TCGA-BJ-A3EZ",-1.35066964,-0.72315473,"Braf-like"
"TCGA-BJ-A3F0",1.6812562,0.94284287,"Ras-like"
"TCGA-BJ-A3PR",-0.57087098,-0.30564694,"Braf-like"
"TCGA-BJ-A3PT",1.1290491,0.63316696,"Ras-like"
"TCGA-BJ-A3PU",-1.44235903,-0.77224565,"Braf-like"
"TCGA-BJ-A45C",1.481466,0.83080119,"Ras-like"
"TCGA-BJ-A45D",1.25150254,0.70183845,"Ras-like"
"TCGA-BJ-A45E",0.86780261,0.48666081,"Ras-like"
"TCGA-BJ-A45F",1.60965217,0.90268757,"Ras-like"
"TCGA-BJ-A45G",1.49717415,0.83961027,"Ras-like"
"TCGA-BJ-A45H",-1.27770739,-0.6840904,"Braf-like"
"TCGA-BJ-A45I",-1.63517719,-0.87548137,"Braf-like"
"TCGA-BJ-A45J",-1.69477388,-0.90738972,"Braf-like"
"TCGA-BJ-A45K",1.44024941,0.80768706,"Ras-like"
"TCGA-BJ-A4O8",-1.76210992,-0.94344174,"Braf-like"
"TCGA-BJ-A4O9",-1.07495903,-0.575538,"Braf-like"
"TCGA-CE-A13K",-0.93166311,-0.4988167,"Braf-like"
"TCGA-CE-A27D",-0.18933024,-0.10136828,"Braf-like"
"TCGA-CE-A3MD",-0.07384342,-0.03953611,"Braf-like"
"TCGA-CE-A3ME",-1.57498647,-0.84325499,"Braf-like"
"TCGA-CE-A481",-0.29148355,-0.15606163,"Braf-like"
"TCGA-CE-A482",-1.19853926,-0.64170342,"Braf-like"
"TCGA-CE-A483",-1.5668407,-0.8388937,"Braf-like"
"TCGA-CE-A484",1.12484277,0.63080807,"Ras-like"
"TCGA-CE-A485",-1.2532012,-0.67096968,"Braf-like"
"TCGA-DE-A0XZ",-1.42858807,-0.76487261,"Braf-like"
"TCGA-DE-A0Y2",-1.57684156,-0.84424821,"Braf-like"
"TCGA-DE-A0Y3",-1.73393604,-0.92835732,"Braf-like"
"TCGA-DE-A2OL",1.05870174,0.5937164,"Ras-like"
"TCGA-DE-A3KN",-0.62217519,-0.33311545,"Braf-like"
"TCGA-DE-A4M8",0.05462477,0.03063339,"Ras-like"
"TCGA-DE-A4M9",0.8171125,0.45823396,"Ras-like"
"TCGA-DE-A4MA",-1.09103452,-0.58414489,"Braf-like"
"TCGA-DE-A4MB",-1.40804818,-0.75387546,"Braf-like"
"TCGA-DE-A4MC",-1.54659019,-0.82805149,"Braf-like"
"TCGA-DE-A4MD",-0.96753112,-0.5180206,"Braf-like"
"TCGA-DE-A69J",-1.82116822,-0.97506183,"Braf-like"
"TCGA-DE-A69K",-1.34182075,-0.71841699,"Braf-like"
"TCGA-DE-A7U5",-1.69669984,-0.90842089,"Braf-like"
"TCGA-DJ-A13L",-1.48229679,-0.79362851,"Braf-like"
"TCGA-DJ-A13M",1.57003546,0.88047065,"Ras-like"
"TCGA-DJ-A13O",-0.56422233,-0.30208723,"Braf-like"
"TCGA-DJ-A13P",-1.41717479,-0.75876189,"Braf-like"
"TCGA-DJ-A13R",1.1166095,0.62619088,"Ras-like"
"TCGA-DJ-A13S",1.47178783,0.8253737,"Ras-like"
"TCGA-DJ-A13T",-1.46136459,-0.78242131,"Braf-like"
"TCGA-DJ-A13U",-0.84462746,-0.45221742,"Braf-like"
"TCGA-DJ-A13V",-1.8103447,-0.96926687,"Braf-like"
"TCGA-DJ-A13W",1.30848644,0.73379483,"Ras-like"
"TCGA-DJ-A13X",-1.44629069,-0.77435068,"Braf-like"
"TCGA-DJ-A1QD",-1.64311897,-0.87973344,"Braf-like"
"TCGA-DJ-A1QE",-1.83445125,-0.98217362,"Braf-like"
"TCGA-DJ-A1QF",-1.43117428,-0.76625728,"Braf-like"
"TCGA-DJ-A1QG",1.49824576,0.84021122,"Ras-like"
"TCGA-DJ-A1QH",-1.81203121,-0.97016983,"Braf-like"
"TCGA-DJ-A1QI",-1.72447868,-0.9232938,"Braf-like"
"TCGA-DJ-A1QL",1.51369726,0.84887637,"Ras-like"
"TCGA-DJ-A1QM",-0.42232002,-0.22611208,"Braf-like"
"TCGA-DJ-A1QN",-1.64902285,-0.88289441,"Braf-like"
"TCGA-DJ-A1QO",-1.49140571,-0.79850547,"Braf-like"
"TCGA-DJ-A1QQ",-1.60008874,-0.85669486,"Braf-like"
"TCGA-DJ-A2PN",-1.54314036,-0.82620444,"Braf-like"
"TCGA-DJ-A2PO",-1.48846839,-0.79693281,"Braf-like"
"TCGA-DJ-A2PP",1.5865917,0.88975533,"Ras-like"
"TCGA-DJ-A2PQ",-1.64212149,-0.87919939,"Braf-like"
"TCGA-DJ-A2PR",-1.62403906,-0.86951797,"Braf-like"
"TCGA-DJ-A2PS",-1.35139938,-0.72354543,"Braf-like"
"TCGA-DJ-A2PT",-1.59186175,-0.85229009,"Braf-like"
"TCGA-DJ-A2PU",-1.69008812,-0.90488094,"Braf-like"
"TCGA-DJ-A2PV",-1.60441066,-0.85900884,"Braf-like"
"TCGA-DJ-A2PW",-1.64028913,-0.87821833,"Braf-like"
"TCGA-DJ-A2PX",-0.74632105,-0.39958372,"Braf-like"
"TCGA-DJ-A2PY",-1.79580294,-0.96148114,"Braf-like"
"TCGA-DJ-A2PZ",-1.46260387,-0.78308483,"Braf-like"
"TCGA-DJ-A2Q0",1.49274493,0.83712637,"Ras-like"
"TCGA-DJ-A2Q1",-0.86689983,-0.46414215,"Braf-like"
"TCGA-DJ-A2Q2",0.94472372,0.52979791,"Ras-like"
"TCGA-DJ-A2Q3",-1.46144633,-0.78246508,"Braf-like"
"TCGA-DJ-A2Q4",-1.76950713,-0.94740225,"Braf-like"
"TCGA-DJ-A2Q5",-1.64753351,-0.882097,"Braf-like"
"TCGA-DJ-A2Q6",-1.67360162,-0.89605399,"Braf-like"
"TCGA-DJ-A2Q7",-1.43260044,-0.76702085,"Braf-like"
"TCGA-DJ-A2Q9",-1.2674475,-0.67859721,"Braf-like"
"TCGA-DJ-A2QA",-0.47467425,-0.25414278,"Braf-like"
"TCGA-DJ-A2QB",1.68668897,0.94588955,"Ras-like"
"TCGA-DJ-A2QC",-1.09553509,-0.58655452,"Braf-like"
"TCGA-DJ-A3UK",-1.43536416,-0.76850056,"Braf-like"
"TCGA-DJ-A3UM",-1.78659172,-0.95654941,"Braf-like"
"TCGA-DJ-A3UN",-1.00141725,-0.53616339,"Braf-like"
"TCGA-DJ-A3UO",-1.32546464,-0.70965986,"Braf-like"
"TCGA-DJ-A3UP",1.01390627,0.56859525,"Ras-like"
"TCGA-DJ-A3UQ",-1.82092341,-0.97493076,"Braf-like"
"TCGA-DJ-A3UR",-1.4049064,-0.75219334,"Braf-like"
"TCGA-DJ-A3US",0.1754643,0.09839979,"Ras-like"
"TCGA-DJ-A3UT",1.78317752,1,"Ras-like"
"TCGA-DJ-A3UU",-1.59196097,-0.85234321,"Braf-like"
"TCGA-DJ-A3UV",-0.36577675,-0.19583855,"Braf-like"
"TCGA-DJ-A3UW",-1.02282356,-0.54762443,"Braf-like"
"TCGA-DJ-A3UX",-0.57370644,-0.30716506,"Braf-like"
"TCGA-DJ-A3UY",-1.14242203,-0.611658,"Braf-like"
"TCGA-DJ-A3UZ",0.23099492,0.12954118,"Ras-like"
"TCGA-DJ-A3V0",-1.17076855,-0.62683486,"Braf-like"
"TCGA-DJ-A3V2",-1.36925241,-0.73310403,"Braf-like"
"TCGA-DJ-A3V3",-0.93724834,-0.50180707,"Braf-like"
"TCGA-DJ-A3V4",-1.14706855,-0.61414577,"Braf-like"
"TCGA-DJ-A3V5",-1.75244744,-0.93826841,"Braf-like"
"TCGA-DJ-A3V6",-1.56224141,-0.83643123,"Braf-like"
"TCGA-DJ-A3V7",-1.52810898,-0.81815656,"Braf-like"
"TCGA-DJ-A3V8",-1.59708449,-0.85508637,"Braf-like"
"TCGA-DJ-A3V9",-1.57182547,-0.84156257,"Braf-like"
"TCGA-DJ-A3VA",-1.74188417,-0.93261279,"Braf-like"
"TCGA-DJ-A3VB",-1.45125045,-0.77700615,"Braf-like"
"TCGA-DJ-A3VD",-1.62495925,-0.87001064,"Braf-like"
"TCGA-DJ-A3VE",-1.81429396,-0.97138132,"Braf-like"
"TCGA-DJ-A3VF",-1.6521855,-0.8845877,"Braf-like"
"TCGA-DJ-A3VG",1.59618141,0.89513321,"Ras-like"
"TCGA-DJ-A3VI",-1.47042893,-0.7872744,"Braf-like"
"TCGA-DJ-A3VJ",-1.67044312,-0.89436292,"Braf-like"
"TCGA-DJ-A3VK",0.8104919,0.45452115,"Ras-like"
"TCGA-DJ-A3VL",1.31787922,0.73906227,"Ras-like"
"TCGA-DJ-A3VM",1.38268097,0.77540287,"Ras-like"
"TCGA-DJ-A4UL",-1.52951726,-0.81891056,"Braf-like"
"TCGA-DJ-A4UP",-0.41009061,-0.2195644,"Braf-like"
"TCGA-DJ-A4UQ",-1.13070006,-0.605382,"Braf-like"
"TCGA-DJ-A4UR",1.33551871,0.74895444,"Ras-like"
"TCGA-DJ-A4UT",-1.09099469,-0.58412357,"Braf-like"
"TCGA-DJ-A4UW",-1.11236149,-0.59556345,"Braf-like"
"TCGA-DJ-A4V0",0.6545043,0.36704383,"Ras-like"
"TCGA-DJ-A4V2",-1.78830863,-0.95746865,"Braf-like"
"TCGA-DJ-A4V4",-1.00939176,-0.54043298,"Braf-like"
"TCGA-DJ-A4V5",-1.59545983,-0.85421652,"Braf-like"
"TCGA-DO-A1JZ",-1.25017042,-0.66934698,"Braf-like"
"TCGA-DO-A1K0",-1.76423394,-0.94457895,"Braf-like"
"TCGA-DO-A2HM",-1.30564612,-0.69904893,"Braf-like"
"TCGA-E3-A3DY",-1.70620782,-0.9135115,"Braf-like"
"TCGA-E3-A3DZ",1.53054168,0.85832267,"Ras-like"
"TCGA-E3-A3E0",-1.01816241,-0.54512883,"Braf-like"
"TCGA-E3-A3E1",-1.4845775,-0.79484961,"Braf-like"
"TCGA-E3-A3E2",-1.5851321,-0.84868701,"Braf-like"
"TCGA-E3-A3E3",-1.57230831,-0.84182109,"Braf-like"
"TCGA-E3-A3E5",-1.12790701,-0.60388659,"Braf-like"
"TCGA-E8-A242",-1.64884409,-0.88279869,"Braf-like"
"TCGA-E8-A2EA",-1.04866392,-0.56145948,"Braf-like"
"TCGA-E8-A2JQ",-1.09380841,-0.58563005,"Braf-like"
"TCGA-E8-A3X7",-1.13262511,-0.60641269,"Braf-like"
"TCGA-E8-A413",-1.45532577,-0.7791881,"Braf-like"
"TCGA-E8-A414",-1.54319966,-0.82623618,"Braf-like"
"TCGA-E8-A415",-1.17288849,-0.62796988,"Braf-like"
"TCGA-E8-A416",1.0302313,0.57775027,"Ras-like"
"TCGA-E8-A417",-1.14626552,-0.61371582,"Braf-like"
"TCGA-E8-A418",-1.49091947,-0.79824513,"Braf-like"
"TCGA-E8-A419",-1.37721729,-0.73736846,"Braf-like"
"TCGA-E8-A432",-0.44698153,-0.23931596,"Braf-like"
"TCGA-E8-A433",-1.20242124,-0.64378185,"Braf-like"
"TCGA-E8-A434",-0.77478115,-0.41482138,"Braf-like"
"TCGA-E8-A436",-1.65218633,-0.88458815,"Braf-like"
"TCGA-E8-A437",-0.58350435,-0.31241091,"Braf-like"
"TCGA-E8-A438",0.24541731,0.13762921,"Ras-like"
"TCGA-E8-A44K",-1.09512623,-0.58633561,"Braf-like"
"TCGA-E8-A44M",-0.30483906,-0.16321224,"Braf-like"
"TCGA-EL-A3CL",-1.50335228,-0.80490171,"Braf-like"
"TCGA-EL-A3CM",-1.39210532,-0.74533958,"Braf-like"
"TCGA-EL-A3CN",-1.50173599,-0.80403635,"Braf-like"
"TCGA-EL-A3CO",-0.05082798,-0.02721353,"Braf-like"
"TCGA-EL-A3CP",-1.69036072,-0.90502689,"Braf-like"
"TCGA-EL-A3CR",-1.17879944,-0.63113463,"Braf-like"
"TCGA-EL-A3CS",-0.80462512,-0.43079999,"Braf-like"
"TCGA-EL-A3CT",-1.50927762,-0.80807417,"Braf-like"
"TCGA-EL-A3CU",-1.8058327,-0.96685112,"Braf-like"
"TCGA-EL-A3CV",-1.69734205,-0.90876473,"Braf-like"
"TCGA-EL-A3CW",-0.00831248,-0.00445054,"Braf-like"
"TCGA-EL-A3CX",0.10252264,0.05749435,"Ras-like"
"TCGA-EL-A3CY",-1.0775112,-0.57690444,"Braf-like"
"TCGA-EL-A3CZ",1.30562422,0.73218971,"Ras-like"
"TCGA-EL-A3D0",-1.15737321,-0.61966293,"Braf-like"
"TCGA-EL-A3D1",-1.0397145,-0.55666792,"Braf-like"
"TCGA-EL-A3D4",0.16652734,0.09338798,"Ras-like"
"TCGA-EL-A3D5",1.41130664,0.79145605,"Ras-like"
"TCGA-EL-A3D6",-1.35996818,-0.72813321,"Braf-like"
"TCGA-EL-A3GO",1.40198847,0.78623045,"Ras-like"
"TCGA-EL-A3GP",-0.10965504,-0.05870981,"Braf-like"
"TCGA-EL-A3GQ",-1.30598685,-0.69923136,"Braf-like"
"TCGA-EL-A3GR",-1.53612732,-0.82244962,"Braf-like"
"TCGA-EL-A3GS",-1.52513393,-0.81656371,"Braf-like"
"TCGA-EL-A3GU",-1.57103702,-0.84114043,"Braf-like"
"TCGA-EL-A3GV",-1.6521189,-0.88455204,"Braf-like"
"TCGA-EL-A3GW",0.94088668,0.52764611,"Ras-like"
"TCGA-EL-A3GX",-1.8677464,-1,"Braf-like"
"TCGA-EL-A3GY",-1.8102209,-0.96920058,"Braf-like"
"TCGA-EL-A3GZ",-1.63920451,-0.87763762,"Braf-like"
"TCGA-EL-A3H1",1.54056425,0.86394329,"Ras-like"
"TCGA-EL-A3H2",1.5410719,0.86422798,"Ras-like"
"TCGA-EL-A3H3",-0.33992615,-0.18199802,"Braf-like"
"TCGA-EL-A3H4",-1.59067419,-0.85165427,"Braf-like"
"TCGA-EL-A3H5",-0.27446193,-0.14694818,"Braf-like"
"TCGA-EL-A3H7",-1.6928353,-0.90635179,"Braf-like"
"TCGA-EL-A3H8",-1.77185891,-0.9486614,"Braf-like"
"TCGA-EL-A3MW",-1.48995048,-0.79772633,"Braf-like"
"TCGA-EL-A3MX",-0.77530468,-0.41510168,"Braf-like"
"TCGA-EL-A3MY",-1.76530398,-0.94515186,"Braf-like"
"TCGA-EL-A3MZ",-1.42027431,-0.76042139,"Braf-like"
"TCGA-EL-A3N2",-1.5834049,-0.84776225,"Braf-like"
"TCGA-EL-A3N3",-1.4287625,-0.764966,"Braf-like"
"TCGA-EL-A3T0",-0.48548627,-0.25993158,"Braf-like"
"TCGA-EL-A3T1",-1.72000865,-0.92090053,"Braf-like"
"TCGA-EL-A3T2",1.21892936,0.68357152,"Ras-like"
"TCGA-EL-A3T3",-1.66424656,-0.89104525,"Braf-like"
"TCGA-EL-A3T6",-1.54621932,-0.82785292,"Braf-like"
"TCGA-EL-A3T7",-1.77132746,-0.94837685,"Braf-like"
"TCGA-EL-A3T8",-1.6143295,-0.86431943,"Braf-like"
"TCGA-EL-A3T9",-1.24085314,-0.66435847,"Braf-like"
"TCGA-EL-A3TA",-0.77435085,-0.414591,"Braf-like"
"TCGA-EL-A3TB",-0.97226522,-0.52055526,"Braf-like"
"TCGA-EL-A3ZG",-0.89136493,-0.47724088,"Braf-like"
"TCGA-EL-A3ZH",1.47168797,0.8253177,"Ras-like"
"TCGA-EL-A3ZK",-0.94829903,-0.50772366,"Braf-like"
"TCGA-EL-A3ZL",-0.65134976,-0.34873565,"Braf-like"
"TCGA-EL-A3ZM",-1.4499277,-0.77629795,"Braf-like"
"TCGA-EL-A3ZN",-0.1475696,-0.07900944,"Braf-like"
"TCGA-EL-A3ZO",-1.42156375,-0.76111176,"Braf-like"
"TCGA-EL-A3ZP",-1.2757252,-0.68302913,"Braf-like"
"TCGA-EL-A3ZQ",-0.75271962,-0.40300954,"Braf-like"
"TCGA-EL-A3ZR",1.5040467,0.84346437,"Ras-like"
"TCGA-EL-A3ZS",-1.23255755,-0.65991697,"Braf-like"
"TCGA-EL-A3ZT",-1.4902897,-0.79790795,"Braf-like"
"TCGA-EL-A4JV",1.66924989,0.93610977,"Ras-like"
"TCGA-EL-A4JW",-1.33945209,-0.7171488,"Braf-like"
"TCGA-EL-A4JX",-0.86709823,-0.46424838,"Braf-like"
"TCGA-EL-A4JZ",-1.33300404,-0.71369649,"Braf-like"
"TCGA-EL-A4K0",-1.54749648,-0.82853672,"Braf-like"
"TCGA-EL-A4K1",-0.38937512,-0.20847323,"Braf-like"
"TCGA-EL-A4K2",1.30660968,0.73274235,"Ras-like"
"TCGA-EL-A4K4",-1.72211104,-0.92202616,"Braf-like"
"TCGA-EL-A4K6",1.48822262,0.83459028,"Ras-like"
"TCGA-EL-A4K7",-1.27368417,-0.68193635,"Braf-like"
"TCGA-EL-A4K9",-1.16184385,-0.62205653,"Braf-like"
"TCGA-EL-A4KD",-0.1067827,-0.05717195,"Braf-like"
"TCGA-EL-A4KG",-1.80642856,-0.96717015,"Braf-like"
"TCGA-EL-A4KH",-1.06415129,-0.56975149,"Braf-like"
"TCGA-EL-A4KI",1.19383946,0.66950118,"Ras-like"
"TCGA-EM-A1CS",-1.36323062,-0.72987993,"Braf-like"
"TCGA-EM-A1CT",-1.14775514,-0.61451337,"Braf-like"
"TCGA-EM-A1CU",-1.80108637,-0.96430991,"Braf-like"
"TCGA-EM-A1CV",-1.27744112,-0.68394784,"Braf-like"
"TCGA-EM-A1CW",1.5557255,0.87244567,"Ras-like"
"TCGA-EM-A1YA",1.56414775,0.87716884,"Ras-like"
"TCGA-EM-A1YB",1.34726843,0.75554364,"Ras-like"
"TCGA-EM-A1YC",1.41927771,0.7959262,"Ras-like"
"TCGA-EM-A1YD",1.42940375,0.80160485,"Ras-like"
"TCGA-EM-A1YE",1.67662679,0.94024671,"Ras-like"
"TCGA-EM-A22I",-1.64876996,-0.88275901,"Braf-like"
"TCGA-EM-A22J",1.78070608,0.99861403,"Ras-like"
"TCGA-EM-A22K",1.07456445,0.60261216,"Ras-like"
"TCGA-EM-A22L",1.71049447,0.95923959,"Ras-like"
"TCGA-EM-A22M",-0.39453976,-0.2112384,"Braf-like"
"TCGA-EM-A22N",1.70115335,0.95400112,"Ras-like"
"TCGA-EM-A22O",-1.15955679,-0.62083203,"Braf-like"
"TCGA-EM-A22P",-1.43270826,-0.76707858,"Braf-like"
"TCGA-EM-A22Q",1.62454708,0.91104058,"Ras-like"
"TCGA-EM-A2CJ",1.55279257,0.87080089,"Ras-like"
"TCGA-EM-A2CK",1.72144695,0.96538171,"Ras-like"
"TCGA-EM-A2CL",1.66097614,0.93146987,"Ras-like"
"TCGA-EM-A2CM",1.4882001,0.83457765,"Ras-like"
"TCGA-EM-A2CN",1.21218076,0.67978692,"Ras-like"
"TCGA-EM-A2CO",1.66421195,0.9332845,"Ras-like"
"TCGA-EM-A2CP",1.12619781,0.63156797,"Ras-like"
"TCGA-EM-A2CQ",1.47972126,0.82982274,"Ras-like"
"TCGA-EM-A2CR",1.16395475,0.65274194,"Ras-like"
"TCGA-EM-A2CS",-1.3368643,-0.71576329,"Braf-like"
"TCGA-EM-A2CT",1.33475362,0.74852538,"Ras-like"
"TCGA-EM-A2CU",-0.54361269,-0.29105273,"Braf-like"
"TCGA-EM-A2OV",1.58504344,0.88888707,"Ras-like"
"TCGA-EM-A2OW",1.68507596,0.94498498,"Ras-like"
"TCGA-EM-A2OX",-1.57525925,-0.84340104,"Braf-like"
"TCGA-EM-A2OY",1.61532457,0.90586863,"Ras-like"
"TCGA-EM-A2OZ",-1.40034665,-0.74975202,"Braf-like"
"TCGA-EM-A2P0",-1.44621957,-0.7743126,"Braf-like"
"TCGA-EM-A2P1",-0.91929921,-0.49219702,"Braf-like"
"TCGA-EM-A2P2",0.8722662,0.48916397,"Ras-like"
"TCGA-EM-A2P3",-1.76352525,-0.94419952,"Braf-like"
"TCGA-EM-A3AI",1.66424665,0.93330396,"Ras-like"
"TCGA-EM-A3AJ",0.88439816,0.49596754,"Ras-like"
"TCGA-EM-A3AK",-1.43792552,-0.76987193,"Braf-like"
"TCGA-EM-A3AL",1.54603919,0.86701362,"Ras-like"
"TCGA-EM-A3AN",-1.29308483,-0.69232356,"Braf-like"
"TCGA-EM-A3AO",-0.40538948,-0.21704739,"Braf-like"
"TCGA-EM-A3AP",1.26723994,0.71066393,"Ras-like"
"TCGA-EM-A3AQ",-0.95087025,-0.5091003,"Braf-like"
"TCGA-EM-A3AR",-0.3171192,-0.16978708,"Braf-like"
"TCGA-EM-A3FJ",-1.68150691,-0.90028652,"Braf-like"
"TCGA-EM-A3FK",-1.7090703,-0.91504409,"Braf-like"
"TCGA-EM-A3FL",1.72291965,0.96620759,"Ras-like"
"TCGA-EM-A3FM",-1.34357832,-0.719358,"Braf-like"
"TCGA-EM-A3FN",1.64220589,0.92094358,"Ras-like"
"TCGA-EM-A3FO",-1.3852526,-0.7416706,"Braf-like"
"TCGA-EM-A3FP",1.7163999,0.96255134,"Ras-like"
"TCGA-EM-A3FQ",-1.1672466,-0.62494919,"Braf-like"
"TCGA-EM-A3FR",1.46236109,0.82008722,"Ras-like"
"TCGA-EM-A3O3",-0.74014634,-0.39627775,"Braf-like"
"TCGA-EM-A3O6",1.74703358,0.9797306,"Ras-like"
"TCGA-EM-A3O7",-1.46048069,-0.78194807,"Braf-like"
"TCGA-EM-A3O8",1.74222828,0.9770358,"Ras-like"
"TCGA-EM-A3O9",1.27481706,0.71491315,"Ras-like"
"TCGA-EM-A3OA",1.71694003,0.96285424,"Ras-like"
"TCGA-EM-A3OB",1.47254238,0.82579685,"Ras-like"
"TCGA-EM-A3ST",1.04420841,0.58558859,"Ras-like"
"TCGA-EM-A3SU",-0.94617809,-0.50658809,"Braf-like"
"TCGA-EM-A3SX",-1.17325492,-0.62816607,"Braf-like"
"TCGA-EM-A3SY",1.39086756,0.77999388,"Ras-like"
"TCGA-EM-A3SZ",-1.67364008,-0.89607458,"Braf-like"
"TCGA-EM-A4FF",-1.45843903,-0.78085495,"Braf-like"
"TCGA-EM-A4FH",1.6332548,0.91592384,"Ras-like"
"TCGA-EM-A4FK",1.45463817,0.81575623,"Ras-like"
"TCGA-EM-A4FM",-1.5647807,-0.83779077,"Braf-like"
"TCGA-EM-A4FN",-1.24459367,-0.66636117,"Braf-like"
"TCGA-EM-A4FO",-0.31263972,-0.16738874,"Braf-like"
"TCGA-EM-A4FQ",-1.20121927,-0.64313831,"Braf-like"
"TCGA-EM-A4FR",1.05783255,0.59322896,"Ras-like"
"TCGA-EM-A4FU",1.67501416,0.93934235,"Ras-like"
"TCGA-EM-A4FV",-0.85502953,-0.45778674,"Braf-like"
"TCGA-EM-A4G1",0.97202078,0.54510601,"Ras-like"
"TCGA-ET-A25G",-1.59140929,-0.85204784,"Braf-like"
"TCGA-ET-A25I",1.6168999,0.90675207,"Ras-like"
"TCGA-ET-A25J",-1.07163025,-0.57375576,"Braf-like"
"TCGA-ET-A25K",-1.61787377,-0.86621705,"Braf-like"
"TCGA-ET-A25L",-1.5877807,-0.85010508,"Braf-like"
"TCGA-ET-A25M",-1.75977918,-0.94219385,"Braf-like"
"TCGA-ET-A25N",-1.58087544,-0.84640797,"Braf-like"
"TCGA-ET-A25O",-1.2695183,-0.67970593,"Braf-like"
"TCGA-ET-A25P",0.54816596,0.30740964,"Ras-like"
"TCGA-ET-A25R",-1.63536893,-0.87558403,"Braf-like"
"TCGA-ET-A2MX",-0.3208721,-0.17179639,"Braf-like"
"TCGA-ET-A2MY",-1.26187224,-0.67561219,"Braf-like"
"TCGA-ET-A2MZ",-1.51141379,-0.80921788,"Braf-like"
"TCGA-ET-A2N0",-0.61311624,-0.32826525,"Braf-like"
"TCGA-ET-A2N3",1.61019862,0.90299401,"Ras-like"
"TCGA-ET-A2N4",-0.80862831,-0.43294331,"Braf-like"
"TCGA-ET-A2N5",1.72555395,0.96768489,"Ras-like"
"TCGA-ET-A39I",1.36592115,0.76600402,"Ras-like"
"TCGA-ET-A39J",-1.69692031,-0.90853893,"Braf-like"
"TCGA-ET-A39K",-1.4733239,-0.78882438,"Braf-like"
"TCGA-ET-A39L",-0.15125773,-0.08098408,"Braf-like"
"TCGA-ET-A39M",-0.52348978,-0.28027883,"Braf-like"
"TCGA-ET-A39N",0.89932492,0.50433842,"Ras-like"
"TCGA-ET-A39O",-1.80447791,-0.96612576,"Braf-like"
"TCGA-ET-A39P",-1.51961604,-0.8136094,"Braf-like"
"TCGA-ET-A39R",-1.01455185,-0.54319572,"Braf-like"
"TCGA-ET-A39S",-1.25758114,-0.67331472,"Braf-like"
"TCGA-ET-A39T",-1.24260562,-0.66529675,"Braf-like"
"TCGA-ET-A3BN",-1.46244734,-0.78300102,"Braf-like"
"TCGA-ET-A3BO",-1.74581524,-0.93471749,"Braf-like"
"TCGA-ET-A3BP",-0.83503316,-0.44708059,"Braf-like"
"TCGA-ET-A3BQ",-1.65304309,-0.88504686,"Braf-like"
"TCGA-ET-A3BS",-1.11984003,-0.59956749,"Braf-like"
"TCGA-ET-A3BT",-1.78775337,-0.95717136,"Braf-like"
"TCGA-ET-A3BU",-1.6473612,-0.88200475,"Braf-like"
"TCGA-ET-A3BV",-1.67130173,-0.89482262,"Braf-like"
"TCGA-ET-A3BW",-1.30664465,-0.69958354,"Braf-like"
"TCGA-ET-A3BX",-1.67953235,-0.89922933,"Braf-like"
"TCGA-ET-A3DO",-1.52444805,-0.81619648,"Braf-like"
"TCGA-ET-A3DP",-1.67225522,-0.89533312,"Braf-like"
"TCGA-ET-A3DQ",0.10841181,0.06079698,"Ras-like"
"TCGA-ET-A3DR",-1.10675925,-0.59256398,"Braf-like"
"TCGA-ET-A3DS",1.49003226,0.83560512,"Ras-like"
"TCGA-ET-A3DT",-1.31240221,-0.70266617,"Braf-like"
"TCGA-ET-A3DU",-0.9756172,-0.52234993,"Braf-like"
"TCGA-ET-A3DV",1.46758489,0.82301671,"Ras-like"
"TCGA-ET-A3DW",-1.60012407,-0.85671377,"Braf-like"
"TCGA-ET-A40P",0.87955062,0.49324905,"Ras-like"
"TCGA-ET-A40Q",-1.43760857,-0.76970223,"Braf-like"
"TCGA-ET-A40R",-0.29753216,-0.15930008,"Braf-like"
"TCGA-ET-A40S",-0.62553906,-0.33491649,"Braf-like"
"TCGA-ET-A40T",-1.57595565,-0.84377389,"Braf-like"
"TCGA-ET-A4KN",-0.00591946,-0.00316931,"Braf-like"
"TCGA-ET-A4KQ",1.39170295,0.78046237,"Ras-like"
"TCGA-FE-A22Z",-1.6319696,-0.87376402,"Braf-like"
"TCGA-FE-A230",-1.38643223,-0.74230218,"Braf-like"
"TCGA-FE-A231",-1.19311268,-0.63879801,"Braf-like"
"TCGA-FE-A232",-1.40727979,-0.75346406,"Braf-like"
"TCGA-FE-A233",-1.65031009,-0.8835836,"Braf-like"
"TCGA-FE-A234",-1.80042238,-0.96395441,"Braf-like"
"TCGA-FE-A235",-1.29250792,-0.69201467,"Braf-like"
"TCGA-FE-A236",-1.27079576,-0.68038988,"Braf-like"
"TCGA-FE-A237",-1.76637933,-0.9457276,"Braf-like"
"TCGA-FE-A238",-1.5968685,-0.85497073,"Braf-like"
"TCGA-FE-A239",1.3639671,0.76490819,"Ras-like"
"TCGA-FE-A23A",-0.95632969,-0.51202331,"Braf-like"
"TCGA-FE-A3PA",-0.26939175,-0.14423358,"Braf-like"
"TCGA-FE-A3PB",-1.03477109,-0.55402119,"Braf-like"
"TCGA-FE-A3PC",-0.6382604,-0.34172755,"Braf-like"
"TCGA-FE-A3PD",-0.69345728,-0.37128021,"Braf-like"
"TCGA-FK-A3S3",-0.69386673,-0.37149943,"Braf-like"
"TCGA-FK-A3SB",-1.58045605,-0.84618342,"Braf-like"
"TCGA-FK-A3SD",1.78178816,0.99922085,"Ras-like"
"TCGA-FK-A3SE",-1.34454395,-0.71987501,"Braf-like"
"TCGA-FK-A3SG",-1.32090992,-0.70722124,"Braf-like"
"TCGA-FK-A3SH",-1.47186433,-0.78804292,"Braf-like"
"TCGA-FK-A4UB",-0.4766128,-0.25518068,"Braf-like"
"TCGA-FY-A2QD",1.40903312,0.79018107,"Ras-like"
"TCGA-FY-A3BL",-1.20596614,-0.64567981,"Braf-like"
"TCGA-FY-A3I4",-1.15976106,-0.6209414,"Braf-like"
"TCGA-FY-A3I5",1.29316606,0.72520321,"Ras-like"
"TCGA-FY-A3NM",1.59872244,0.89655821,"Ras-like"
"TCGA-FY-A3NN",-0.7647823,-0.40946795,"Braf-like"
"TCGA-FY-A3NP",1.61541678,0.90592034,"Ras-like"
"TCGA-FY-A3ON",-1.51751429,-0.81248412,"Braf-like"
"TCGA-FY-A3R6",-0.31284519,-0.16749875,"Braf-like"
"TCGA-FY-A3R7",-0.82762655,-0.44311506,"Braf-like"
"TCGA-FY-A3R8",-1.72936461,-0.92590975,"Braf-like"
"TCGA-FY-A3R9",1.74209893,0.97696327,"Ras-like"
"TCGA-FY-A3RA",-1.62413054,-0.86956695,"Braf-like"
"TCGA-FY-A3TY",-1.07599991,-0.57609529,"Braf-like"
"TCGA-FY-A3W9",1.56279286,0.87640902,"Ras-like"
"TCGA-FY-A3WA",1.45399948,0.81539806,"Ras-like"
"TCGA-FY-A3YR",-1.21055834,-0.64813849,"Braf-like"
"TCGA-FY-A40K",-1.56291026,-0.83678933,"Braf-like"
"TCGA-FY-A40L",-1.30207539,-0.69713714,"Braf-like"
"TCGA-FY-A40M",0.26009595,0.14586094,"Ras-like"
"TCGA-FY-A40N",-0.04731441,-0.02533235,"Braf-like"
"TCGA-FY-A4B0",1.17623749,0.65963006,"Ras-like"
"TCGA-FY-A4B3",-1.65728482,-0.8873179,"Braf-like"
"TCGA-FY-A4B4",-1.70330172,-0.91195556,"Braf-like"
"TCGA-FY-A76V",-0.17629528,-0.0943893,"Braf-like"
"TCGA-GE-A2C6",-1.35410371,-0.72499335,"Braf-like"
"TCGA-H2-A26U",-1.73248922,-0.92758268,"Braf-like"
"TCGA-H2-A2K9",1.38410747,0.77620285,"Ras-like"
"TCGA-H2-A3RH",0.47602016,0.26695052,"Ras-like"
"TCGA-H2-A3RI",-1.35444878,-0.7251781,"Braf-like"
"TCGA-H2-A421",-1.02652157,-0.54960436,"Braf-like"
"TCGA-H2-A422",-1.27756532,-0.68401434,"Braf-like"
"TCGA-IM-A3EB",-1.59733861,-0.85522243,"Braf-like"
"TCGA-IM-A3ED",-1.69886224,-0.90957864,"Braf-like"
"TCGA-IM-A3U2",-1.67018069,-0.89422241,"Braf-like"
"TCGA-IM-A3U3",-1.62296588,-0.86894338,"Braf-like"
"TCGA-IM-A41Y",-1.17374507,-0.6284285,"Braf-like"
"TCGA-IM-A41Z",1.32558275,0.74338238,"Ras-like"
"TCGA-IM-A420",-1.28060837,-0.6856436,"Braf-like"
"TCGA-IM-A4EB",-1.10208905,-0.59006354,"Braf-like"
"TCGA-J8-A3NZ",-1.77544133,-0.95057944,"Braf-like"
"TCGA-J8-A3O0",1.11311023,0.6242285,"Ras-like"
"TCGA-J8-A3O1",-0.94249186,-0.50461447,"Braf-like"
"TCGA-J8-A3O2",-1.42828927,-0.76471263,"Braf-like"
"TCGA-J8-A3YD",-0.03975303,-0.02128396,"Braf-like"
"TCGA-J8-A3YE",-0.84629865,-0.45311218,"Braf-like"
"TCGA-J8-A3YF",-1.51261599,-0.80986155,"Braf-like"
"TCGA-J8-A3YG",-1.54810758,-0.82886391,"Braf-like"
"TCGA-J8-A3YH",-1.48778089,-0.79656472,"Braf-like"
"TCGA-J8-A42S",-1.62740969,-0.87132262,"Braf-like"
"TCGA-J8-A4HW",-1.25395614,-0.67137388,"Braf-like"
"TCGA-J8-A4HY",-0.46355761,-0.24819087,"Braf-like"
"TCGA-KS-A41F",-0.45735441,-0.24486965,"Braf-like"
"TCGA-KS-A41I",1.18790838,0.66617505,"Ras-like"
"TCGA-KS-A41J",-1.43431845,-0.76794069,"Braf-like"
"TCGA-KS-A41L",1.43755047,0.8061735,"Ras-like"
"TCGA-KS-A4I1",-1.4050471,-0.75226867,"Braf-like"
"TCGA-KS-A4I3",-1.30687547,-0.69970713,"Braf-like"
"TCGA-KS-A4I5",-1.73959732,-0.93138839,"Braf-like"
"TCGA-KS-A4I7",-1.49161695,-0.79861856,"Braf-like"
"TCGA-KS-A4I9",-1.61497017,-0.86466244,"Braf-like"
"TCGA-KS-A4IB",-0.55261442,-0.2958723,"Braf-like"
"TCGA-KS-A4IC",-1.58694769,-0.84965908,"Braf-like"
"TCGA-KS-A4ID",0.54578718,0.30607563,"Ras-like"
"TCGA-L6-A4EP",-1.55004328,-0.82990029,"Braf-like"
"TCGA-L6-A4EQ",-1.60818299,-0.86102856,"Braf-like"
"TCGA-L6-A4ET",-1.57959823,-0.84572415,"Braf-like"
"TCGA-L6-A4EU",-1.2809025,-0.68580108,"Braf-like"
"TCGA-MK-A4N6",-1.78912909,-0.95790793,"Braf-like"
"TCGA-MK-A4N7",-1.74713087,-0.93542189,"Braf-like"
"TCGA-MK-A4N9",-1.71126672,-0.91622006,"Braf-like"
"TCGA-MK-A84Z",1.67935769,0.94177819,"Ras-like"
"TCGA-QD-A8IV",1.61739793,0.90703136,"Ras-like"
